{
  "currentLongitude": 115.9541,
  "lastLongitude": 115.9541,
  "currentLatitude": 29.6605799,
  "lastLatitude": 29.6605799
}